data,model_type,feature,mean_importance,std_importance
all05,ABR,b2_dbifm_p50,0.027129105819849196,0.00971227196146779
all05,ABR,b1_dbifm_p50,0.012071916187977566,0.0067387060885498225
all05,ABR,dbifmdry_NDVI_p50,0.011043386595325035,0.004746984337666931
all05,ABR,dbifmdry_r43_p50,0.010917747402560728,0.004190096644957963
all05,ABR,b6_dbifm_p50,0.01023621150715765,0.0038717323093042056
all05,ABR,b6_dbifm_dry_p50,0.010207103609703927,0.004837855452993585
all05,ABR,b2_dbifm_dry_p50,0.009050389950459347,0.004533994932258748
all05,ABR,b1_dbifm_dry_p50,0.007054669596280884,0.004363822468993335
all05,ABR,dbifmdry_MSR_p50,0.007033002447360997,0.003016534425949704
all05,ABR,b5_dbifm_dry_p50,0.006900737566506571,0.0031041121755521696
all05,ABR,dbifman_r64_p50,0.005905608187669656,0.0030057033907255207
all05,ABR,b1_ccw_dry_p50,0.005875841650416511,0.003996907363295407
all05,ABR,ma_dsii_p50,0.005847747189413026,0.002117184472278846
all05,ABR,b3_dbifm_dry_p50,0.005843245159082731,0.002958979851908822
all05,ABR,dbifman_r54_p50,0.005612452845457464,0.0029824970245486745
all05,ABR,dbifmdry_r54_p50,0.005182616817667209,0.0028465575207860163
all05,ABR,dbifmdry_r64_p50,0.005149415108828469,0.0024694362144109085
all05,ABR,b1_hcv_p50,0.005104658289493951,0.0017640120198106914
all05,ABR,dbifman_r63_p50,0.004551616715153859,0.001423549829201864
all05,ABR,b1_hsd_p50,0.004482482329469628,0.004173067979770899
all05,GBR,b2_dbifm_p50,0.02157624045385269,0.023242471472597025
all05,GBR,dbifman_NBR_p50,0.0175455032824067,0.010413240790222877
all05,GBR,dbifman_NDII_p50,0.013767129724311489,0.006624322743716452
all05,GBR,dbifman_r54_p50,0.012774158474289284,0.009624506880104435
all05,GBR,dbifmdry_r43_p50,0.011241231193388731,0.007192958764023395
all05,GBR,dbifman_MSR_p50,0.011044062128110387,0.004720914557846871
all05,GBR,dbifmdry_SAVI_p50,0.009447355679983845,0.0014747287625452076
all05,GBR,b2_dp1fm_dry_p50,0.00823893367486432,0.005787764513921151
all05,GBR,dbifman_r64_p50,0.008189568721865655,0.006089610019287127
all05,GBR,b6_dbifm_p50,0.008146519976941807,0.006863145512707036
all05,GBR,b2_dbifm_dry_p50,0.008077855035877247,0.0067557244070867144
all05,GBR,dbifmdry_NDVI_p50,0.007883396771689297,0.004589702556799839
all05,GBR,rx_wsum_p50,0.007667842607423145,0.005820093378606002
all05,GBR,b1_dbifm_p50,0.007591660154929946,0.0031050372379950106
all05,GBR,dbifmdry_MSR_p50,0.007480806053032858,0.004127015384289042
all05,GBR,dbifman_MSAVI_p50,0.007177314866402496,0.0062648053905001826
all05,GBR,dbifmdry_GNDVI_p50,0.007154394616205267,0.0051795872238572325
all05,GBR,b6_dbifm_dry_p50,0.006239283972643601,0.004504233712983021
all05,GBR,dbifman_r43_p50,0.005700447412153197,0.003086123306535078
all05,GBR,b1_ccw_dry_p50,0.0055109944233025935,0.0029310598711013375
all05,KNN,dbifman_r43_p50,0.04090469226059232,0.023950105525169723
all05,KNN,dbifmdry_r43_p50,0.032260723181197354,0.01416812828978606
all05,KNN,dbifman_r42_p50,0.028194926924106203,0.01291831550945173
all05,KNN,dbifman_CVI_p50,0.02274772686206338,0.009181295145088173
all05,KNN,dbifmdry_r42_p50,0.020190625063673823,0.003909670177738416
all05,KNN,dbifmdry_CVI_p50,0.012204740811513811,0.009368081505641833
all05,KNN,dbifmdry_r52_p50,0.011617435238569692,0.006797485826615742
all05,KNN,dbifmdry_r53_p50,0.009362537145743595,0.004624080387297241
all05,KNN,dbifman_r52_p50,0.008505686654660654,0.004611319606126279
all05,KNN,dbifman_r53_p50,0.004304766972237729,0.002735275196713451
all05,KNN,dbifmdry_MSR_p50,0.004168657183933205,0.0024052987983998035
all05,KNN,dbifmdry_r62_p50,0.0039901522799670975,0.0009397336212603545
all05,KNN,dbifman_r64_p50,0.003332923071603308,3.1426346705553495e-05
all05,KNN,dbifman_r62_p50,0.002357300008329841,0.0020244569655038912
all05,KNN,dbifman_MSR_p50,0.0022335944189243962,0.0019765601201206704
all05,KNN,dbifman_r54_p50,0.002205596186349102,9.194841846365364e-05
all05,KNN,dbifmdry_r63_p50,0.002072811337391631,0.0020495143469061515
all05,KNN,dbifmdry_r64_p50,0.0016712113138066895,0.0009279767372682829
all05,KNN,dbifmdry_r54_p50,0.0016025003450259015,0.0007137572345877133
all05,KNN,dbifman_r32_p50,0.0014602236744391411,0.0003471973992502591
all05,MLP,dbifmdry_NDVI_p50,0.022287549599809983,0.018463959698245856
all05,MLP,dbifmdry_r42_p50,0.0185557127934056,0.018384163529030505
all05,MLP,dbifmdry_r43_p50,0.01684017006216366,0.01828096943173992
all05,MLP,b1_hmc_p50,0.013928768692164355,0.015988932851691555
all05,MLP,dbifmdry_GNDVI_p50,0.013742360153515449,0.01632200241892901
all05,MLP,b1_ccw_dry_p50,0.01363230973763414,0.01762086921645571
all05,MLP,b1_h99_p50,0.01298914836821545,0.016302886874896998
all05,MLP,b5_dbifm_dry_p50,0.01267550284693259,0.016495736231808722
all05,MLP,b1_h25_p50,0.012555500384630634,0.016238979502400424
all05,MLP,dbifman_r42_p50,0.012392493300523819,0.015622359605324817
all05,MLP,dbifmdry_MSR_p50,0.011854956897659785,0.01737079908519112
all05,MLP,b1_wfp_dry_p50,0.0116547478792758,0.016094177104551435
all05,MLP,b3_dbifm_dry_p50,0.01103160113378717,0.016589065287591447
all05,MLP,b3_dbifm_p50,0.010386834208923891,0.01431990813132313
all05,MLP,dbifman_r43_p50,0.010079043956140052,0.0138359640491259
all05,MLP,b1_hsd_p50,0.010051038200264937,0.011526765203605925
all05,MLP,dbifman_NDVI_p50,0.009882334760668122,0.015397466619457664
all05,MLP,b2_dbifm_dry_p50,0.009867516426810564,0.010230278416982142
all05,MLP,b2_dp1fm_dry_p50,0.009509625144823243,0.012341493603099227
all05,MLP,b5_dbifm_p50,0.008639122661974438,0.01144480716925806
all05,RFR,dbifman_r64_p50,0.024084839402335773,0.007052022643684036
all05,RFR,dbifmdry_NDVI_p50,0.020915269399524816,0.007614948983780218
all05,RFR,dbifmdry_MSR_p50,0.020405818428933988,0.006495937819570171
all05,RFR,dbifmdry_r43_p50,0.02022170134682165,0.006509471175667223
all05,RFR,dbifman_r43_p50,0.018392357450172973,0.007089029914025606
all05,RFR,dbifman_r54_p50,0.017448638244107473,0.004818293879640268
all05,RFR,dbifman_MSR_p50,0.016184486771930472,0.006785289749231008
all05,RFR,dbifman_NBR_p50,0.015405741878728004,0.007774155182065541
all05,RFR,dbifman_NDII_p50,0.013946225309311198,0.0036568790427692214
all05,RFR,dbifman_NDVI_p50,0.013925207752928227,0.004827999347411996
all05,RFR,dbifmdry_r42_p50,0.011733842143603127,0.002677649470094397
all05,RFR,b1_hsd_p50,0.0110602907851964,0.007153468109498227
all05,RFR,b6_dbifm_dry_p50,0.010953402867370652,0.006054412662417016
all05,RFR,dbifmdry_GNDVI_p50,0.010319417807288789,0.005681220052416289
all05,RFR,dbifman_GNDVI_p50,0.01024338648339682,0.003076670230369283
all05,RFR,b1_h25_p50,0.00947955251573486,0.004208484740556204
all05,RFR,dbifmdry_NBR_p50,0.009368935720136225,0.004427098197329136
all05,RFR,b1_wfp_dry_p50,0.00873408568742594,0.0039129944331194565
all05,RFR,dbifman_r42_p50,0.00870655049919347,0.0028581675531249412
all05,RFR,b1_hmc_p50,0.008083942021322241,0.004445527438180502
all05,XGBR,dbifman_r43_p50,0.10719185924259787,0.026352520988076403
all05,XGBR,dbifman_r64_p50,0.03307810139891111,0.001683202517527974
all05,XGBR,dbifman_NBR_p50,0.03228754171481498,0.03729475332173122
all05,XGBR,b2_dbifm_p50,0.02829528966524811,0.03354344323846936
all05,XGBR,b6_dbifm_p50,0.007400563506978646,0.006868102157676304
all05,XGBR,b6_dbifm_dry_p50,0.006444318101157251,0.0033213688397687046
all05,XGBR,dbifman_MSR_p50,0.00599417876453901,0.007771228260514188
all05,XGBR,dbifmdry_r54_p50,0.005661871031749884,0.0003021705346927173
all05,XGBR,dbifman_NDII_p50,0.00534716249639445,0.006689713492039653
all05,XGBR,dbifmdry_MSR_p50,0.0052347864907269686,0.0023783761460439657
all05,XGBR,b2_dbifm_dry_p50,0.005166745218573298,0.005883942742147097
all05,XGBR,b3_dbifm_p50,0.004743976260034019,0.0036191406542111807
all05,XGBR,dbifman_r52_p50,0.0033119700190671463,0.0035316300350223435
all05,XGBR,dbifmdry_r64_p50,0.0033079739801099854,0.0001658346941375317
all05,XGBR,b1_h99_p50,0.003024366258946634,0.0007545329982260222
all05,XGBR,b1_dbifm_p50,0.0028753268187070207,0.001402198480034678
all05,XGBR,dbifmdry_NDVI_p50,0.002514737827226541,0.00012606833697051287
all05,XGBR,dbifman_r54_p50,0.002403486315757135,8.730022372634522e-05
all05,XGBR,dbifmdry_GNDVI_p50,0.002007513388615539,0.0018196322910991858
all05,XGBR,b5_dbifm_dry_p50,0.0017721760151120842,0.0015473014124781402
